{"DIDI|Call|1638565200":{"vega":0.0032,"option_type":"Call","time_of_day":50400,"theta":-0.035,"implied_volatility":1.6806999999999999,"delta":0.3935,"underlying":6.01,"vol/oi":219.78048780487805,"ask":0.36,"alert_date":1638565200,"gamma":0.2727,"diff":8.153078202995012,"strike":6.5,"expires":1639119600,"volume":9011,"rho":0.0389,"days_to_expiry":6,"open_interest":41,"ticker":"DIDI","day_of_week":5},"JETS|Put|1638565080":{"vega":0.017,"option_type":"Put","time_of_day":50280,"theta":-0.0178,"implied_volatility":0.5889,"delta":-0.233,"underlying":20.0,"vol/oi":141.02702702702703,"ask":0.5,"alert_date":1638565080,"gamma":0.0937,"diff":-9.999999999999998,"strike":18.0,"expires":1640934000,"volume":15654,"rho":-0.3951,"days_to_expiry":27,"open_interest":111,"ticker":"JETS","day_of_week":5},"SPY|Put|1638565020":{"vega":0.1581,"option_type":"Put","time_of_day":50220,"theta":-0.1092,"implied_volatility":0.4764,"delta":-0.0562,"underlying":450.97,"vol/oi":89.10227272727273,"ask":1.72,"alert_date":1638565020,"gamma":0.0017,"diff":-20.172073530390055,"strike":360.0,"expires":1641538800,"volume":7841,"rho":-2.5974,"days_to_expiry":34,"open_interest":88,"ticker":"SPY","day_of_week":5},"F|Call|1638564960":{"vega":0.0127,"option_type":"Call","time_of_day":50160,"theta":-0.0257,"implied_volatility":0.5668,"delta":0.2847,"underlying":19.12,"vol/oi":3.342849067269644,"ask":0.36,"alert_date":1638564960,"gamma":0.1596,"diff":7.217573221757316,"strike":20.5,"expires":1639724400,"volume":23654,"rho":0.1957,"days_to_expiry":13,"open_interest":7076,"ticker":"F","day_of_week":5},"ARDX|Call|1638564900":{"vega":0.0012,"option_type":"Call","time_of_day":50100,"theta":-0.0131,"implied_volatility":3.0797000000000003,"delta":0.4458,"underlying":1.53,"vol/oi":4.31253577561534,"ask":0.25,"alert_date":1638564900,"gamma":0.4264,"diff":30.71895424836601,"strike":2.0,"expires":1639724400,"volume":7534,"rho":0.0177,"days_to_expiry":13,"open_interest":1747,"ticker":"ARDX","day_of_week":5},"CSX|Call|1638564480":{"vega":0.035,"option_type":"Call","time_of_day":49680,"theta":-0.0143,"implied_volatility":0.2868,"delta":0.2488,"underlying":35.63,"vol/oi":3732,"ask":0.55,"alert_date":1638564480,"gamma":0.1001,"diff":6.651698007297213,"strike":38.0,"expires":1641538800,"volume":3732,"rho":0.8082,"days_to_expiry":34,"open_interest":1,"ticker":"CSX","day_of_week":5},"DIDI|Put|1638564420":{"vega":0.0017,"option_type":"Put","time_of_day":49620,"theta":-0.0254,"implied_volatility":2.0527,"delta":-0.1182,"underlying":6.11,"vol/oi":1013.6666666666666,"ask":0.12,"alert_date":1638564420,"gamma":0.1133,"diff":-26.350245499181668,"strike":4.5,"expires":1639119600,"volume":3041,"rho":-0.0162,"days_to_expiry":6,"open_interest":3,"ticker":"DIDI","day_of_week":5},"QQQ|Put|1638564360":{"vega":0.0976,"option_type":"Put","time_of_day":49560,"theta":-0.0547,"implied_volatility":0.5478999999999999,"delta":-0.031,"underlying":380.81,"vol/oi":76.56319290465632,"ask":1.01,"alert_date":1638564360,"gamma":0.0009,"diff":-29.88629500275728,"strike":267.0,"expires":1642748400,"volume":69060,"rho":-1.7207,"days_to_expiry":48,"open_interest":902,"ticker":"QQQ","day_of_week":5},"X|Call|1638564120":{"vega":0.0243,"option_type":"Call","time_of_day":49320,"theta":-0.0212,"implied_volatility":0.6187,"delta":0.2975,"underlying":22.64,"vol/oi":33.8,"ask":0.78,"alert_date":1638564120,"gamma":0.0797,"diff":12.632508833922259,"strike":25.5,"expires":1641538800,"volume":1352,"rho":0.5757,"days_to_expiry":34,"open_interest":40,"ticker":"X","day_of_week":5},"HYG|Put|1638564120":{"vega":0.1007,"option_type":"Put","time_of_day":49320,"theta":-0.0098,"implied_volatility":0.17079999999999998,"delta":-0.1373,"underlying":85.91,"vol/oi":24.154589371980677,"ask":0.61,"alert_date":1638564120,"gamma":0.0278,"diff":-10.371318822023046,"strike":77.0,"expires":1647583200,"volume":15000,"rho":-3.557,"days_to_expiry":104,"open_interest":621,"ticker":"HYG","day_of_week":5},"CGC|Call|1638563940":{"vega":0.0053,"option_type":"Call","time_of_day":49140,"theta":-0.0372,"implied_volatility":1.015,"delta":0.3801,"underlying":9.97,"vol/oi":3.0122699386503067,"ask":0.36,"alert_date":1638563940,"gamma":0.2704,"diff":5.315947843530585,"strike":10.5,"expires":1639119600,"volume":982,"rho":0.0665,"days_to_expiry":6,"open_interest":326,"ticker":"CGC","day_of_week":5},"AMZN|Put|1638563520":{"vega":0.1812,"option_type":"Put","time_of_day":48720,"theta":-0.945,"implied_volatility":0.7364,"delta":-0.0155,"underlying":3350.68,"vol/oi":15.837837837837839,"ask":2.16,"alert_date":1638563520,"gamma":0.0001,"diff":-19.419341745556117,"strike":2700.0,"expires":1639119600,"volume":586,"rho":-1.04,"days_to_expiry":6,"open_interest":37,"ticker":"AMZN","day_of_week":5},"KDP|Call|1638563460":{"vega":0.0098,"option_type":"Call","time_of_day":48660,"theta":-0.015,"implied_volatility":0.4387,"delta":0.0773,"underlying":34.4,"vol/oi":900.625,"ask":0.15,"alert_date":1638563460,"gamma":0.0489,"diff":13.372093023255818,"strike":39.0,"expires":1639724400,"volume":7205,"rho":0.0986,"days_to_expiry":13,"open_interest":8,"ticker":"KDP","day_of_week":5},"HAL|Put|1638563280":{"vega":0.0446,"option_type":"Put","time_of_day":48480,"theta":-0.0051,"implied_volatility":0.43979999999999997,"delta":-0.7976,"underlying":21.73,"vol/oi":20.305194805194805,"ask":9.0,"alert_date":1638563280,"gamma":0.0399,"diff":38.05798435342844,"strike":30.0,"expires":1655445600,"volume":3127,"rho":-14.1289,"days_to_expiry":195,"open_interest":154,"ticker":"HAL","day_of_week":5},"BAC|Put|1638563100":{"vega":0.0316,"option_type":"Put","time_of_day":48300,"theta":-0.034,"implied_volatility":0.4296,"delta":-0.235,"underlying":43.88,"vol/oi":376,"ask":0.66,"alert_date":1638563100,"gamma":0.0695,"diff":-6.563354603464,"strike":41.0,"expires":1640242800,"volume":376,"rho":-0.602,"days_to_expiry":19,"open_interest":1,"ticker":"BAC","day_of_week":5},"SPY|Call|1638562860":{"vega":0.1437,"option_type":"Call","time_of_day":48060,"theta":-0.0069,"implied_volatility":0.16690000000000002,"delta":0.0194,"underlying":449.93,"vol/oi":28.764705882352942,"ask":0.37,"alert_date":1638562860,"gamma":0.0009,"diff":26.6863734358678,"strike":570.0,"expires":1653026400,"volume":489,"rho":3.8501,"days_to_expiry":167,"open_interest":17,"ticker":"SPY","day_of_week":5},"UVXY|Call|1638562860":{"vega":0.0139,"option_type":"Call","time_of_day":48060,"theta":-0.3719,"implied_volatility":3.7879,"delta":0.4298,"underlying":25.49,"vol/oi":5.158730158730159,"ask":3.4,"alert_date":1638562860,"gamma":0.0294,"diff":25.539427226363287,"strike":32.0,"expires":1639119600,"volume":650,"rho":0.149,"days_to_expiry":6,"open_interest":126,"ticker":"UVXY","day_of_week":5},"SBUX|Put|1638562440":{"vega":0.0255,"option_type":"Put","time_of_day":47640,"theta":-0.0447,"implied_volatility":0.7034999999999999,"delta":-0.0472,"underlying":110.49,"vol/oi":299,"ask":0.39,"alert_date":1638562440,"gamma":0.0054,"diff":-23.069961082450895,"strike":85.0,"expires":1640242800,"volume":598,"rho":-0.3076,"days_to_expiry":19,"open_interest":2,"ticker":"SBUX","day_of_week":5},"GDX|Put|1638562260":{"vega":0.0117,"option_type":"Put","time_of_day":47460,"theta":-0.0359,"implied_volatility":0.4355,"delta":-0.1935,"underlying":30.52,"vol/oi":16.20812182741117,"ask":0.21,"alert_date":1638562260,"gamma":0.1484,"diff":-4.980340760157276,"strike":29.0,"expires":1639119600,"volume":3193,"rho":-0.1183,"days_to_expiry":6,"open_interest":197,"ticker":"GDX","day_of_week":5},"MARA|Put|1638562080":{"vega":0.0125,"option_type":"Put","time_of_day":47280,"theta":-0.1623,"implied_volatility":1.8373,"delta":-0.1367,"underlying":40.88,"vol/oi":73.53333333333333,"ask":0.86,"alert_date":1638562080,"gamma":0.0209,"diff":-21.722113502935425,"strike":32.0,"expires":1639119600,"volume":1103,"rho":-0.1244,"days_to_expiry":6,"open_interest":15,"ticker":"MARA","day_of_week":5}}
