{"SPY|Put|1640012820":{"vega":0.0424,"time_of_day":29220,"implied_volatility":0.3721,"days_to_expiry":2,"day_of_week":1,"option_type":"Put","rho":-0.0018,"ask":0.3,"vol/oi":5.772121212121212,"ticker":"SPY","gamma":0.006,"diff":-5.737433497428201,"open_interest":1650,"volume":9524,"alert_date":1640012820,"strike":427.0,"delta":-0.0461,"underlying":452.99,"expires":1640242800,"theta":-0.1954},"TLT|Put|1640013060":{"vega":0.0834,"time_of_day":29460,"implied_volatility":0.16519999999999999,"days_to_expiry":31,"day_of_week":1,"option_type":"Put","rho":-0.0139,"ask":0.39,"vol/oi":5.04925911093312,"ticker":"TLT","gamma":0.0243,"diff":-5.8854718981972365,"open_interest":2497,"volume":12608,"alert_date":1640013060,"strike":142.0,"delta":-0.1028,"underlying":150.88,"expires":1642748400,"theta":-0.0201},"PFE|Call|1640013900":{"vega":0.0143,"time_of_day":30300,"implied_volatility":0.6045,"days_to_expiry":2,"day_of_week":1,"option_type":"Call","rho":0.0009,"ask":0.3,"vol/oi":3.9184782608695654,"ticker":"PFE","gamma":0.074,"diff":5.7980673108963625,"open_interest":184,"volume":721,"alert_date":1640013900,"strike":63.5,"delta":0.1679,"underlying":60.02,"expires":1640242800,"theta":-0.1277},"AAPL|Put|1640015040":{"vega":0.0512,"time_of_day":31440,"implied_volatility":0.4416,"days_to_expiry":10,"day_of_week":1,"option_type":"Put","rho":-0.005,"ask":0.61,"vol/oi":3.968635437881874,"ticker":"AAPL","gamma":0.0131,"diff":-9.36106983655275,"open_interest":2455,"volume":9743,"alert_date":1640015040,"strike":152.5,"delta":-0.097,"underlying":168.25,"expires":1640934000,"theta":-0.0974},"T|Call|1640015040":{"vega":0.0105,"time_of_day":31440,"implied_volatility":0.3065,"days_to_expiry":10,"day_of_week":1,"option_type":"Call","rho":0.0012,"ask":0.11,"vol/oi":4.011207970112079,"ticker":"T","gamma":0.1864,"diff":5.765242637909584,"open_interest":803,"volume":3221,"alert_date":1640015040,"strike":25.5,"delta":0.1615,"underlying":24.11,"expires":1640934000,"theta":-0.0141},"VXX|Call|1640016120":{"vega":0.0122,"time_of_day":32520,"implied_volatility":0.8959999999999999,"days_to_expiry":59,"day_of_week":1,"option_type":"Call","rho":0.012,"ask":9.35,"vol/oi":10.14406779661017,"ticker":"VXX","gamma":0.0164,"diff":-37.62993762993763,"open_interest":118,"volume":1197,"alert_date":1640016120,"strike":15.0,"delta":0.9327,"underlying":24.05,"expires":1645167600,"theta":-0.01},"SPY|Call|1640016180":{"vega":0.9787,"time_of_day":32580,"implied_volatility":0.1655,"days_to_expiry":178,"day_of_week":1,"option_type":"Call","rho":0.4836,"ask":6.73,"vol/oi":36,"ticker":"SPY","gamma":0.0058,"diff":9.514031485284045,"open_interest":8,"volume":288,"alert_date":1640016180,"strike":496.0,"delta":0.2351,"underlying":452.91,"expires":1655445600,"theta":-0.0448},"WFC|Put|1640017260":{"vega":0.019,"time_of_day":33660,"implied_volatility":0.4458,"days_to_expiry":10,"day_of_week":1,"option_type":"Put","rho":-0.0021,"ask":0.3,"vol/oi":116,"ticker":"WFC","gamma":0.0647,"diff":-7.387465001076887,"open_interest":10,"volume":1160,"alert_date":1640017260,"strike":43.0,"delta":-0.1484,"underlying":46.43,"expires":1640934000,"theta":-0.0365},"FXI|Call|1640017440":{"vega":0.0148,"time_of_day":33840,"implied_volatility":0.3155,"days_to_expiry":10,"day_of_week":1,"option_type":"Call","rho":0.0016,"ask":0.16,"vol/oi":26.964959568733153,"ticker":"FXI","gamma":0.122,"diff":5.962136196665723,"open_interest":371,"volume":10004,"alert_date":1640017440,"strike":37.5,"delta":0.153,"underlying":35.39,"expires":1640934000,"theta":-0.0201},"CERN|Call|1640017620":{"vega":0.3102,"time_of_day":34020,"implied_volatility":0.061200000000000004,"days_to_expiry":395,"day_of_week":1,"option_type":"Call","rho":0.2321,"ask":1.1,"vol/oi":138.28571428571428,"ticker":"CERN","gamma":0.0564,"diff":4.75245341272467,"open_interest":14,"volume":1936,"alert_date":1640017620,"strike":95.0,"delta":0.2573,"underlying":90.69,"expires":1674198000,"theta":-0.0024},"ZM|Call|1640017800":{"vega":0.0363,"time_of_day":34200,"implied_volatility":1.0734000000000001,"days_to_expiry":2,"day_of_week":1,"option_type":"Call","rho":0.0018,"ask":1.1,"vol/oi":10.79436152570481,"ticker":"ZM","gamma":0.0093,"diff":13.597076110040994,"open_interest":603,"volume":6509,"alert_date":1640017800,"strike":230.0,"delta":0.1126,"underlying":202.47,"expires":1640242800,"theta":-0.5602},"NVDA|Put|1640018340":{"vega":0.0503,"time_of_day":34740,"implied_volatility":0.8438,"days_to_expiry":2,"day_of_week":1,"option_type":"Put","rho":-0.0028,"ask":1.25,"vol/oi":3.696768060836502,"ticker":"NVDA","gamma":0.0089,"diff":-8.812372337321284,"open_interest":3156,"volume":11667,"alert_date":1640018340,"strike":250.0,"delta":-0.1162,"underlying":274.16,"expires":1640242800,"theta":-0.6315},"LI|Call|1640018940":{"vega":0.0115,"time_of_day":35340,"implied_volatility":0.6804000000000001,"days_to_expiry":10,"day_of_week":1,"option_type":"Call","rho":0.0012,"ask":0.27,"vol/oi":26.49367088607595,"ticker":"LI","gamma":0.0696,"diff":14.20413990007138,"open_interest":79,"volume":2093,"alert_date":1640018940,"strike":32.0,"delta":0.1507,"underlying":28.02,"expires":1640934000,"theta":-0.0344},"TWO|Call|1640019660":{"vega":0.0132,"time_of_day":36060,"implied_volatility":0.3166,"days_to_expiry":178,"day_of_week":1,"option_type":"Call","rho":0.0066,"ask":0.3,"vol/oi":67.82022471910112,"ticker":"TWO","gamma":0.347,"diff":7.1428571428571495,"open_interest":89,"volume":6036,"alert_date":1640019660,"strike":6.0,"delta":0.3294,"underlying":5.6,"expires":1655445600,"theta":-0.0012},"ROKU|Call|1640020020":{"vega":0.0495,"time_of_day":36420,"implied_volatility":0.8743000000000001,"days_to_expiry":2,"day_of_week":1,"option_type":"Call","rho":0.0027,"ask":1.36,"vol/oi":4.256017505470459,"ticker":"ROKU","gamma":0.0123,"diff":9.327852363668173,"open_interest":3199,"volume":13615,"alert_date":1640020020,"strike":250.0,"delta":0.1484,"underlying":228.67,"expires":1640242800,"theta":-0.6537},"SQQQ|Call|1640020500":{"vega":0.0049,"time_of_day":36900,"implied_volatility":0.6899,"days_to_expiry":59,"day_of_week":1,"option_type":"Call","rho":0.0049,"ask":2.0,"vol/oi":5.26530612244898,"ticker":"SQQQ","gamma":0.0935,"diff":-27.32558139534884,"open_interest":49,"volume":258,"alert_date":1640020500,"strike":5.0,"delta":0.8976,"underlying":6.88,"expires":1645167600,"theta":-0.0028},"OPK|Call|1640020680":{"vega":0.0038,"time_of_day":37080,"implied_volatility":1.0156,"days_to_expiry":17,"day_of_week":1,"option_type":"Call","rho":0.0007,"ask":0.23,"vol/oi":144.32,"ticker":"OPK","gamma":0.3683,"diff":10.86474501108648,"open_interest":25,"volume":3608,"alert_date":1640020680,"strike":5.0,"delta":0.3638,"underlying":4.51,"expires":1641538800,"theta":-0.0105},"C|Put|1640021580":{"vega":0.1634,"time_of_day":37980,"implied_volatility":0.33270000000000005,"days_to_expiry":269,"day_of_week":1,"option_type":"Put","rho":-0.1295,"ask":3.3,"vol/oi":50.54545454545455,"ticker":"C","gamma":0.0209,"diff":-13.554633471645927,"open_interest":11,"volume":556,"alert_date":1640021580,"strike":50.0,"delta":-0.2784,"underlying":57.84,"expires":1663308000,"theta":-0.01},"SOXS|Call|1640021760":{"vega":0.003,"time_of_day":38160,"implied_volatility":0.9181,"days_to_expiry":38,"day_of_week":1,"option_type":"Call","rho":0.0015,"ask":1.3,"vol/oi":300,"ticker":"SOXS","gamma":0.1522,"diff":-28.90995260663507,"open_interest":1,"volume":300,"alert_date":1640021760,"strike":3.0,"delta":0.854,"underlying":4.22,"expires":1643353200,"theta":-0.0051},"XLI|Put|1640021940":{"vega":0.0671,"time_of_day":38340,"implied_volatility":0.3064,"days_to_expiry":17,"day_of_week":1,"option_type":"Put","rho":-0.0108,"ask":0.96,"vol/oi":300,"ticker":"XLI","gamma":0.0426,"diff":-4.895384923415758,"open_interest":1,"volume":300,"alert_date":1640021940,"strike":95.0,"delta":-0.2242,"underlying":99.89,"expires":1641538800,"theta":-0.0578},"BBIG|Call|1640022180":{"vega":0.001,"time_of_day":38580,"implied_volatility":2.3365,"days_to_expiry":2,"day_of_week":1,"option_type":"Call","rho":0.0001,