{"NKE|Put|1639774740":{"vega":0.1004,"option_type":"Put","time_of_day":50340,"theta":-0.1798,"implied_volatility":0.5002,"delta":-0.2456,"underlying":162.35,"vol/oi":144.875,"ask":2.49,"alert_date":1639774740,"gamma":0.0197,"diff":-6.067138897443791,"strike":152.5,"expires":1640934000,"volume":1159,"rho":-0.0152,"days_to_expiry":13,"open_interest":8,"ticker":"NKE","day_of_week":5},"DOCU|Put|1639774680":{"vega":0.062,"option_type":"Put","time_of_day":50280,"theta":-0.0499,"implied_volatility":0.706,"delta":-0.0592,"underlying":154.37,"vol/oi":26.09090909090909,"ask":1.25,"alert_date":1639774680,"gamma":0.0032,"diff":-28.74263134028633,"strike":110.0,"expires":1643353200,"volume":287,"rho":-0.0111,"days_to_expiry":41,"open_interest":11,"ticker":"DOCU","day_of_week":5},"BA|Put|1639774680":{"vega":0.0425,"option_type":"Put","time_of_day":50280,"theta":-0.1444,"implied_volatility":0.4328,"delta":-0.0953,"underlying":193.35,"vol/oi":3.4148936170212765,"ask":0.5,"alert_date":1639774680,"gamma":0.0158,"diff":-6.904577191621408,"strike":180.0,"expires":1640242800,"volume":4815,"rho":-0.003,"days_to_expiry":5,"open_interest":1410,"ticker":"BA","day_of_week":5},"CERN|Put|1639774140":{"vega":0.0759,"option_type":"Put","time_of_day":49740,"theta":-0.0522,"implied_volatility":0.4843,"delta":-0.1887,"underlying":90.68,"vol/oi":40.15079365079365,"ask":1.55,"alert_date":1639774140,"gamma":0.0198,"diff":-11.77767975297751,"strike":80.0,"expires":1642748400,"volume":5059,"rho":-0.0177,"days_to_expiry":34,"open_interest":126,"ticker":"CERN","day_of_week":5},"HYG|Put|1639773960":{"vega":0.0438,"option_type":"Put","time_of_day":49560,"theta":-0.0076,"implied_volatility":0.1528,"delta":-0.0754,"underlying":86.47,"vol/oi":2000,"ask":0.17,"alert_date":1639773960,"gamma":0.0307,"diff":-7.482363825604255,"strike":80.0,"expires":1643353200,"volume":10000,"rho":-0.0076,"days_to_expiry":41,"open_interest":5,"ticker":"HYG","day_of_week":5},"SNAP|Put|1639773780":{"vega":0.0544,"option_type":"Put","time_of_day":49380,"theta":-0.0373,"implied_volatility":0.578,"delta":-0.3102,"underlying":45.35,"vol/oi":413,"ask":2.04,"alert_date":1639773780,"gamma":0.0396,"diff":-7.386990077177513,"strike":42.0,"expires":1643353200,"volume":413,"rho":-0.0169,"days_to_expiry":41,"open_interest":1,"ticker":"SNAP","day_of_week":5},"BBD|Put|1639773540":{"vega":0.0056,"option_type":"Put","time_of_day":49140,"theta":-0.0015,"implied_volatility":0.4399,"delta":-0.2644,"underlying":3.46,"vol/oi":99.47058823529412,"ask":0.15,"alert_date":1639773540,"gamma":0.3899,"diff":-13.294797687861271,"strike":3.0,"expires":1647583200,"volume":3382,"rho":-0.0026,"days_to_expiry":90,"open_interest":34,"ticker":"BBD","day_of_week":5},"TQQQ|Put|1639773540":{"vega":0.0631,"option_type":"Put","time_of_day":49140,"theta":-0.3504,"implied_volatility":0.7044,"delta":-0.7461,"underlying":152.99,"vol/oi":4.971830985915493,"ask":12.3,"alert_date":1639773540,"gamma":0.0244,"diff":6.216092555068952,"strike":162.5,"expires":1640242800,"volume":353,"rho":-0.0207,"days_to_expiry":5,"open_interest":71,"ticker":"TQQQ","day_of_week":5},"SNAP|Call|1639773120":{"vega":0.0319,"option_type":"Call","time_of_day":48720,"theta":-0.063,"implied_volatility":0.5501,"delta":0.3212,"underlying":45.34,"vol/oi":6.32821075740944,"ask":0.98,"alert_date":1639773120,"gamma":0.0728,"diff":5.866784296426989,"strike":48.0,"expires":1640934000,"volume":5765,"rho":0.0052,"days_to_expiry":13,"open_interest":911,"ticker":"SNAP","day_of_week":5},"TEVA|Put|1639772880":{"vega":0.0217,"option_type":"Put","time_of_day":48480,"theta":-0.0029,"implied_volatility":0.46270000000000006,"delta":-0.6488,"underlying":8.24,"vol/oi":3.008069056108088,"ask":2.34,"alert_date":1639772880,"gamma":0.1335,"diff":21.35922330097087,"strike":10.0,"expires":1655445600,"volume":16030,"rho":-0.0284,"days_to_expiry":181,"open_interest":5329,"ticker":"TEVA","day_of_week":5},"KOLD|Call|1639772700":{"vega":0.0118,"option_type":"Call","time_of_day":48300,"theta":-0.0174,"implied_volatility":1.0082,"delta":0.2113,"underlying":13.23,"vol/oi":502,"ask":0.45,"alert_date":1639772700,"gamma":0.0676,"diff":36.05442176870748,"strike":18.0,"expires":1642748400,"volume":502,"rho":0.0021,"days_to_expiry":34,"open_interest":1,"ticker":"KOLD","day_of_week":5},"NVDA|Put|1639772460":{"vega":0.1953,"option_type":"Put","time_of_day":48060,"theta":-0.4484,"implied_volatility":0.6396999999999999,"delta":-0.3079,"underlying":282.56,"vol/oi":8.427745664739884,"ask":7.55,"alert_date":1639772460,"gamma":0.0099,"diff":-5.329841449603623,"strike":267.5,"expires":1640934000,"volume":1458,"rho":-0.0336,"days_to_expiry":13,"open_interest":173,"ticker":"NVDA","day_of_week":5},"T|Put|1639772460":{"vega":0.0337,"option_type":"Put","time_of_day":48060,"theta":-0.0078,"implied_volatility":0.29309999999999997,"delta":-0.3,"underlying":23.77,"vol/oi":8.804878048780488,"ask":0.59,"alert_date":1639772460,"gamma":0.1232,"diff":-7.446360959192255,"strike":22.0,"expires":1645167600,"volume":361,"rho":-0.0119,"days_to_expiry":62,"open_interest":41,"ticker":"T","day_of_week":5},"ENB|Call|1639772040":{"vega":0.1048,"option_type":"Call","time_of_day":47640,"theta":-0.0058,"implied_volatility":0.19879999999999998,"delta":0.4628,"underlying":37.04,"vol/oi":6.871111111111111,"ask":1.7,"alert_date":1639772040,"gamma":0.0855,"diff":1.2419006479481665,"strike":37.5,"expires":1657864800,"volume":3092,"rho":0.0664,"days_to_expiry":209,"open_interest":450,"ticker":"ENB","day_of_week":5},"ARKK|Call|1639771860":{"vega":0.0273,"option_type":"Call","time_of_day":47460,"theta":-0.1139,"implied_volatility":0.5101,"delta":0.1343,"underlying":97.36,"vol/oi":9.874801901743265,"ask":0.41,"alert_date":1639771860,"gamma":0.0329,"diff":7.847165160230074,"strike":105.0,"expires":1640242800,"volume":6231,"rho":0.002,"days_to_expiry":5,"open_interest":631,"ticker":"ARKK","day_of_week":5},"T|Call|1639771620":{"vega":0.0323,"option_type":"Call","time_of_day":47220,"theta":-0.0074,"implied_volatility":0.2703,"delta":0.2811,"underlying":23.69,"vol/oi":13.464037122969838,"ask":0.42,"alert_date":1639771620,"gamma":0.1388,"diff":5.529759392148581,"strike":25.0,"expires":1645167600,"volume":5803,"rho":0.0096,"days_to_expiry":62,"open_interest":431,"ticker":"T","day_of_week":5},"CVS|Put|1639771440":{"vega":0.3929,"option_type":"Put","time_of_day":47040,"theta":-0.013,"implied_volatility":0.2664,"delta":-0.3858,"underlying":100.66,"vol/oi":7.897637795275591,"ask":8.85,"alert_date":1639771440,"gamma":0.014,"diff":-5.622888933041925,"strike":95.0,"expires":1674198000,"volume":1003,"rho":-0.5139,"days_to_expiry":398,"open_interest":127,"ticker":"CVS","day_of_week":5},"DOCU|Put|1639771380":{"vega":0.0749,"option_type":"Put","time_of_day":46980,"theta":-0.0579,"implied_volatility":0.6609999999999999,"delta":-0.0753,"underlying":154.8,"vol/oi":143.5,"ask":1.46,"alert_date":1639771380,"gamma":0.0041,"diff":-25.710594315245483,"strike":115.0,"expires":1643353200,"volume":287,"rho":-0.0141,"days_to_expiry":41,"open_interest":2,"ticker":"DOCU","day_of_week":5},"QLD|Put|1639770900":{"vega":0.0374,"option_type":"Put","time_of_day":46500,"theta":-0.0379,"implied_volatility":0.7308,"delta":-0.0761,"underlying":84.2,"vol/oi":43.1578947368421,"ask":0.8,"alert_date":1639770900,"gamma":0.0076,"diff":-25.77197149643705,"strike":62.5,"expires":1642748400,"volume":820,"rho":-0.0068,"days_to_expiry":34,"open_interest":19,"ticker":"QLD","day_of_week":5},"MGM|Put|1639770720":{"vega":0.0216,"option_type":"Put","time_of_day":46320,"theta":-0.0373,"implied_volatility":0.4865,"delta":-0.1745,"underlying":42.44,"vol/oi":79.03846153846153,"ask":0.41,"alert_date":1639770720,"gamma":0.0628,"diff":-8.105560791705935,"strike":39.0,"expires":1640934000,"volume":2055,"rho":-0.0028,"days_to_expiry":13,"open_interest":26,"ticker":"MGM","day_of_week":5}}
