{"BBBY|Call|1640790480":{"implied_volatility":1.7997999999999998,"ticker":"BBBY","time_of_day":29280,"option_type":"Call","open_interest":399,"vol/oi":3.130325814536341,"delta":0.4694,"volume":1249,"diff":5.960264900662255,"alert_date":1640790480,"strike":16.0,"ask":1.4,"vega":0.0096,"day_of_week":3,"underlying":15.1,"rho":0.0014,"gamma":0.0958,"theta":-0.0909,"days_to_expiry":8,"expires":1641538800},"XPEV|Put|1640790480":{"implied_volatility":0.7537,"ticker":"XPEV","time_of_day":29280,"option_type":"Put","open_interest":88,"vol/oi":9.954545454545455,"delta":-0.1753,"volume":876,"diff":-9.95151235280536,"alert_date":1640790480,"strike":39.0,"ask":0.59,"vega":0.0178,"day_of_week":3,"underlying":43.31,"rho":-0.0019,"gamma":0.0494,"theta":-0.0726,"days_to_expiry":8,"expires":1641538800},"PFE|Put|1640791500":{"implied_volatility":0.3147,"ticker":"PFE","time_of_day":30300,"option_type":"Put","open_interest":351,"vol/oi":3.133903133903134,"delta":-0.1992,"volume":1100,"diff":-6.135929080479752,"alert_date":1640791500,"strike":54.0,"ask":0.54,"vega":0.0408,"day_of_week":3,"underlying":57.53,"rho":-0.0071,"gamma":0.0611,"theta":-0.0274,"days_to_expiry":22,"expires":1642748400},"UVXY|Put|1640791500":{"implied_volatility":1.0063,"ticker":"UVXY","time_of_day":30300,"option_type":"Put","open_interest":61,"vol/oi":9.278688524590164,"delta":-0.2336,"volume":566,"diff":-15.579432079815803,"alert_date":1640791500,"strike":11.0,"ask":0.61,"vega":0.0115,"day_of_week":3,"underlying":13.03,"rho":-0.0028,"gamma":0.0802,"theta":-0.0193,"days_to_expiry":29,"expires":1643353200},"FCEL|Put|1640791680":{"implied_volatility":0.8740000000000001,"ticker":"FCEL","time_of_day":30480,"option_type":"Put","open_interest":1795,"vol/oi":20.178272980501394,"delta":-0.3241,"volume":36220,"diff":-7.216494845360821,"alert_date":1640791680,"strike":4.5,"ask":0.26,"vega":0.0044,"day_of_week":3,"underlying":4.85,"rho":-0.001,"gamma":0.3357,"theta":-0.0084,"days_to_expiry":22,"expires":1642748400},"CSCO|Put|1640792100":{"implied_volatility":0.2386,"ticker":"CSCO","time_of_day":30900,"option_type":"Put","open_interest":199,"vol/oi":12.85427135678392,"delta":-0.1144,"volume":2558,"diff":-5.073140367258022,"alert_date":1640792100,"strike":61.0,"ask":0.14,"vega":0.0201,"day_of_week":3,"underlying":64.26,"rho":-0.0019,"gamma":0.0792,"theta":-0.0248,"days_to_expiry":8,"expires":1641538800},"QCOM|Put|1640792580":{"implied_volatility":0.38420000000000004,"ticker":"QCOM","time_of_day":31380,"option_type":"Put","open_interest":321,"vol/oi":3.115264797507788,"delta":-0.3503,"volume":1000,"diff":-5.8279072270354675,"alert_date":1640792580,"strike":175.0,"ask":10.35,"vega":0.3705,"day_of_week":3,"underlying":185.83,"rho":-0.1958,"gamma":0.0097,"theta":-0.067,"days_to_expiry":105,"expires":1649916000},"ATVI|Put|1640792820":{"implied_volatility":0.5642,"ticker":"ATVI","time_of_day":31620,"option_type":"Put","open_interest":54,"vol/oi":45.333333333333336,"delta":-0.133,"volume":2448,"diff":-14.311485267588687,"alert_date":1640792820,"strike":57.0,"ask":1.9,"vega":0.046,"day_of_week":3,"underlying":66.52,"rho":-0.0093,"gamma":0.0216,"theta":-0.0284,"days_to_expiry":36,"expires":1643958000},"DIDI|Call|1640793000":{"implied_volatility":0.8953,"ticker":"DIDI","time_of_day":31800,"option_type":"Call","open_interest":102,"vol/oi":21.19607843137255,"delta":0.3483,"volume":2162,"diff":9.126984126984127,"alert_date":1640793000,"strike":5.5,"ask":0.24,"vega":0.0046,"day_of_week":3,"underlying":5.04,"rho":0.0008,"gamma":0.3183,"theta":-0.0099,"days_to_expiry":22,"expires":1642748400},"AMD|Put|1640793840":{"implied_volatility":0.5532,"ticker":"AMD","time_of_day":32640,"option_type":"Put","open_interest":93,"vol/oi":5.537634408602151,"delta":-0.3028,"volume":515,"diff":-6.711409395973156,"alert_date":1640793840,"strike":139.0,"ask":5.05,"vega":0.1499,"day_of_week":3,"underlying":149.0,"rho":-0.0382,"gamma":0.0147,"theta":-0.1375,"days_to_expiry":29,"expires":1643353200},"OXY|Put|1640794020":{"implied_volatility":0.5404,"ticker":"OXY","time_of_day":32820,"option_type":"Put","open_interest":939,"vol/oi":22.215122470713524,"delta":-0.1204,"volume":20860,"diff":-5.341446923597015,"alert_date":1640794020,"strike":28.0,"ask":0.06,"vega":0.0047,"day_of_week":3,"underlying":29.58,"rho":-0.0002,"gamma":0.1414,"theta":-0.0578,"days_to_expiry":1,"expires":1640934000},"BBD|Call|1640794200":{"implied_volatility":0.4596,"ticker":"BBD","time_of_day":33000,"option_type":"Call","open_interest":4177,"vol/oi":6.897534115393824,"delta":0.5165,"volume":28811,"diff":3.550295857988169,"alert_date":1640794200,"strike":3.5,"ask":0.4,"vega":0.0092,"day_of_week":3,"underlying":3.38,"rho":0.0063,"gamma":0.4089,"theta":-0.0011,"days_to_expiry":169,"expires":1655445600},"BBBY|Put|1640794740":{"implied_volatility":1.8291,"ticker":"BBBY","time_of_day":33540,"option_type":"Put","open_interest":135,"vol/oi":3.074074074074074,"delta":-0.2916,"volume":415,"diff":-11.008569545154911,"alert_date":1640794740,"strike":13.5,"ask":0.97,"vega":0.0083,"day_of_week":3,"underlying":15.17,"rho":-0.0013,"gamma":0.0772,"theta":-0.0842,"days_to_expiry":8,"expires":1641538800},"UPST|Put|1640794740":{"implied_volatility":0.9544,"ticker":"UPST","time_of_day":33540,"option_type":"Put","open_interest":14,"vol/oi":28.571428571428573,"delta":-0.111,"volume":400,"diff":-39.28354584092288,"alert_date":1640794740,"strike":90.0,"ask":5.4,"vega":0.1516,"day_of_week":3,"underlying":148.23,"rho":-0.0593,"gamma":0.0024,"theta":-0.0684,"days_to_expiry":105,"expires":1649916000},"EEM|Put|1640796300":{"implied_volatility":0.1862,"ticker":"EEM","time_of_day":35100,"option_type":"Put","open_interest":3040,"vol/oi":8.223684210526315,"delta":-0.3167,"volume":25000,"diff":-9.427748044462735,"alert_date":1640796300,"strike":44.0,"ask":3.5,"vega":0.1881,"day_of_week":3,"underlying":48.58,"rho":-0.2017,"gamma":0.0275,"theta":-0.0052,"days_to_expiry":442,"expires":1679032800},"SPY|Put|1640796900":{"implied_volatility":0.2716,"ticker":"SPY","time_of_day":35700,"option_type":"Put","open_interest":260,"vol/oi":15.353846153846154,"delta":-0.1167,"volume":3992,"diff":-14.409784136440873,"alert_date":1640796900,"strike":408.0,"ask":3.9,"vega":0.476,"day_of_week":3,"underlying":476.69,"rho":-0.1424,"gamma":0.003,"theta":-0.0685,"days_to_expiry":91,"expires":1648706400},"FXI|Call|1640797080":{"implied_volatility":0.2351,"ticker":"FXI","time_of_day":35880,"option_type":"Call","open_interest":13,"vol/oi":356.38461538461536,"delta":0.0978,"volume":4633,"diff":31.837307152875184,"alert_date":1640797080,"strike":47.0,"ask":0.32,"vega":0.0533,"day_of_week":3,"underlying":35.65,"rho":0.0224,"gamma":0.0243,"theta":-0.0023,"days_to_expiry":260,"expires":1663308000},"DVN|Call|1640797260":{"implied_volatility":0.49770000000000003,"ticker":"DVN","time_of_day":36060,"option_type":"Call","open_interest":302,"vol/oi":26.05960264900662,"delta":0.3858,"volume":7870,"diff":10.985277463193661,"alert_date":1640797260,"strike":49.0,"ask":2.7,"vega":0.0893,"day_of_week":3,"underlying":44.15,"rho":0.0361,"gamma":0.0335,"theta":-0.0214,"days_to_expiry":105,"expires":1649916000},"UAL|Put|1640797500":{"implied_volatility":0.5893,"ticker":"UAL","time_of_day":36300,"option_type":"Put","open_interest":5,"vol/oi":200,"delta":-0.0812,"volume":1000,"diff":-21.892434724391883,"alert_date":1640797500,"strike":35.0,"ask":0.36,"vega":0.0216,"day_of_week":3,"underlying":44.81,"rho":-0.0038,"gamma":0.0177,"theta":-0.0169,"days_to_expiry":36,"expires":1643958000},"UVXY|Call|1640798220":{"implied_volatility":0.9243000000000001,"ticker":"UVXY","time_of_day":37020,"option_type":"Call","open_interest":1,"vol/oi":370,"delta":0.8298,"volume":370,"diff":-22.660479505027066,"alert_date":1640798220,"strike":10.0,"ask":3.25,"vega":0.0104,"day_of_week":3,"underlying":12.93,"rho":0.006,"gamma":0.0607,"theta":-0.0141,"days_to_expiry":36,"expires":1643958000},"HIMX|Call|1640798580":{"implied_volatility":0.695,"ticker":"HIMX","time_of_day":37380,