{"FUBO|Call|1640272080":{"time_of_day":29280,"strike":21.0,"expires":1642748400,"vega":0.0148,"gamma":0.0689,"day_of_week":4,"diff":25.67324955116696,"theta":-0.024,"volume":8437,"option_type":"Call","delta":0.2421,"days_to_expiry":28,"ticker":"FUBO","vol/oi":5.453781512605042,"alert_date":1640272080,"rho":0.0028,"implied_volatility":0.9559000000000001,"ask":0.57,"underlying":16.71,"open_interest":1547},"ALLK|Call|1640274300":{"time_of_day":31500,"strike":15.0,"expires":1642748400,"vega":0.0121,"gamma":0.0595,"day_of_week":4,"diff":37.867647058823515,"theta":-0.0438,"volume":1296,"option_type":"Call","delta":0.415,"days_to_expiry":28,"ticker":"ALLK","vol/oi":117.81818181818181,"alert_date":1640274300,"rho":0.0024,"implied_volatility":2.1102000000000003,"ask":1.45,"underlying":10.88,"open_interest":11},"PAYX|Call|1640278860":{"time_of_day":36060,"strike":160.0,"expires":1674198000,"vega":0.4432,"gamma":0.0106,"day_of_week":4,"diff":18.351949108661884,"theta":-0.0122,"volume":730,"option_type":"Call","delta":0.2521,"days_to_expiry":392,"ticker":"PAYX","vol/oi":16.976744186046513,"alert_date":1640278860,"rho":0.3058,"implied_volatility":0.22519999999999998,"ask":4.8,"underlying":135.19,"open_interest":43},"F|Call|1640280900":{"time_of_day":38100,"strike":18.5,"expires":1642748400,"vega":0.0167,"gamma":0.1143,"day_of_week":4,"diff":-8.732116428219038,"theta":-0.0126,"volume":754,"option_type":"Call","delta":0.7871,"days_to_expiry":28,"ticker":"F","vol/oi":11.78125,"alert_date":1640280900,"rho":0.011,"implied_volatility":0.44329999999999997,"ask":2.13,"underlying":20.27,"open_interest":64},"VXX|Call|1640283120":{"time_of_day":40320,"strike":25.5,"expires":1640934000,"vega":0.0048,"gamma":0.048,"day_of_week":4,"diff":26.676602086438155,"theta":-0.0308,"volume":2691,"option_type":"Call","delta":0.0881,"days_to_expiry":7,"ticker":"VXX","vol/oi":3.7954866008462624,"alert_date":1640283120,"rho":0.0004,"implied_volatility":1.0827,"ask":0.12,"underlying":20.13,"open_interest":709},"AMD|Put|1640286360":{"time_of_day":43560,"strike":141.0,"expires":1642748400,"vega":0.1523,"gamma":0.0179,"day_of_week":4,"diff":-4.781199351701792,"theta":-0.1272,"volume":787,"option_type":"Put","delta":-0.3335,"days_to_expiry":28,"ticker":"AMD","vol/oi":11.084507042253522,"alert_date":1640286360,"rho":-0.0398,"implied_volatility":0.4841,"ask":4.85,"underlying":148.08,"open_interest":71},"QQQ|Call|1640286360":{"time_of_day":43560,"strike":416.0,"expires":1655445600,"vega":1.075,"gamma":0.0066,"day_of_week":4,"diff":4.593568501244558,"theta":-0.0652,"volume":3022,"option_type":"Call","delta":0.4126,"days_to_expiry":175,"ticker":"QQQ","vol/oi":11.667953667953668,"alert_date":1640286360,"rho":0.7102,"implied_volatility":0.2143,"ask":16.23,"underlying":397.73,"open_interest":259},"LAZR|Call|1640286780":{"time_of_day":43980,"strike":19.0,"expires":1640934000,"vega":0.007,"gamma":0.1758,"day_of_week":4,"diff":8.447488584474888,"theta":-0.0248,"volume":5069,"option_type":"Call","delta":0.185,"days_to_expiry":7,"ticker":"LAZR","vol/oi":38.40151515151515,"alert_date":1640286780,"rho":0.0006,"implied_volatility":0.5490999999999999,"ask":0.15,"underlying":17.52,"open_interest":132},"OPK|Call|1640286960":{"time_of_day":44160,"strike":4.5,"expires":1640934000,"vega":0.0023,"gamma":0.6511,"day_of_week":4,"diff":-6.25,"theta":-0.0096,"volume":1046,"option_type":"Call","delta":0.753,"days_to_expiry":7,"ticker":"OPK","vol/oi":4.2693877551020405,"alert_date":1640286960,"rho":0.0007,"implied_volatility":0.5736,"ask":0.38,"underlying":4.8,"open_interest":245},"UVXY|Put|1640287440":{"time_of_day":44640,"strike":13.0,"expires":1641538800,"vega":0.0099,"gamma":0.1377,"day_of_week":4,"diff":-7.4733096085409345,"theta":-0.0292,"volume":2795,"option_type":"Put","delta":-0.2994,"days_to_expiry":14,"ticker":"UVXY","vol/oi":3.44636251541307,"alert_date":1640287440,"rho":-0.0018,"implied_volatility":0.8844,"ask":0.54,"underlying":14.05,"open_interest":811},"STNE|Call|1640287860":{"time_of_day":45060,"strike":20.0,"expires":1640934000,"vega":0.0099,"gamma":0.1207,"day_of_week":4,"diff":11.482720178372343,"theta":-0.0716,"volume":7117,"option_type":"Call","delta":0.3406,"days_to_expiry":7,"ticker":"STNE","vol/oi":46.51633986928105,"alert_date":1640287860,"rho":0.0012,"implied_volatility":1.1435,"ask":0.65,"underlying":17.94,"open_interest":153},"AFRM|Call|1640288040":{"time_of_day":45240,"strike":116.0,"expires":1640934000,"vega":0.0268,"gamma":0.0165,"day_of_week":4,"diff":15.44585987261146,"theta":-0.1151,"volume":374,"option_type":"Call","delta":0.1029,"days_to_expiry":7,"ticker":"AFRM","vol/oi":14.96,"alert_date":1640288040,"rho":0.0022,"implied_volatility":0.7234,"ask":0.55,"underlying":100.48,"open_interest":25},"TQQQ|Put|1640288460":{"time_of_day":45660,"strike":115.0,"expires":1643353200,"vega":0.071,"gamma":0.0029,"day_of_week":4,"diff":-30.959956774929452,"theta":-0.0854,"volume":503,"option_type":"Put","delta":-0.0708,"days_to_expiry":35,"ticker":"TQQQ","vol/oi":4.531531531531532,"alert_date":1640288460,"rho":-0.013,"implied_volatility":0.8713,"ask":1.62,"underlying":166.57,"open_interest":111},"RSX|Put|1640288700":{"time_of_day":45900,"strike":21.0,"expires":1645167600,"vega":0.0196,"gamma":0.0364,"day_of_week":4,"diff":-19.87790919496376,"theta":-0.0084,"volume":3085,"option_type":"Put","delta":-0.1097,"days_to_expiry":56,"ticker":"RSX","vol/oi":1028.3333333333333,"alert_date":1640288700,"rho":-0.0047,"implied_volatility":0.49920000000000003,"ask":0.35,"underlying":26.21,"open_interest":3},"LI|Put|1640289060":{"time_of_day":46260,"strike":20.0,"expires":1655445600,"vega":0.0465,"gamma":0.0139,"day_of_week":4,"diff":-34.89583333333333,"theta":-0.0096,"volume":1497,"option_type":"Put","delta":-0.1351,"days_to_expiry":175,"ticker":"LI","vol/oi":9.535031847133759,"alert_date":1640289060,"rho":-0.025,"implied_volatility":0.7338,"ask":1.39,"underlying":30.72,"open_interest":157},"BKKT|Call|1640289540":{"time_of_day":46740,"strike":12.0,"expires":1640934000,"vega":0.0057,"gamma":0.1638,"day_of_week":4,"diff":12.04481792717086,"theta":-0.0494,"volume":1746,"option_type":"Call","delta":0.3229,"days_to_expiry":7,"ticker":"BKKT","vol/oi":3.0685413005272406,"alert_date":1640289540,"rho":0.0007,"implied_volatility":1.4853,"ask":0.5,"underlying":10.71,"open_interest":569},"BILI|Put|1640289540":{"time_of_day":46740,"strike":40.0,"expires":1645167600,"vega":0.0608,"gamma":0.0228,"day_of_week":4,"diff":-12.778020061055384,"theta":-0.0431,"volume":273,"option_type":"Put","delta":-0.2773,"days_to_expiry":56,"ticker":"BILI","vol/oi":11.869565217391305,"alert_date":1640289540,"rho":-0.0226,"implied_volatility":0.813,"ask":3.1,"underlying":45.86,"open_interest":23},"FCX|Call|1640289960":{"time_of_day":47160,"strike":44.0,"expires":1640934000,"vega":0.0124,"gamma":0.0865,"day_of_week":4,"diff":7.029919727560206,"theta":-0.028,"volume":2084,"option_type":"Call","delta":0.1208,"days_to_expiry":7,"ticker":"FCX","vol/oi":21.708333333333332,"alert_date":1640289960,"rho":0.0011,"implied_volatility":0.37229999999999996,"ask":0.14,"underlying":41.11,"open_interest":96},"TME|Call|1640290140":{"time_of_day":47340,"strike":8.0,"expires":1645167600,"vega":0.0081,"gamma":0.1924,"day_of_week":4,"diff":22.887864823348696,"theta":-0.0045,"volume":1917,"option_type":"Call","delta":0.2454,"days_to_expiry":56,"ticker":"TME","vol/oi":18.432692307692307,"alert_date":1640290140,"rho":0.0022,"implied_volatility":0.629,"ask":0.22,"underlying":6.51,"open_interest":104},"UVXY|Call|1640290620":{"time_of_day":47820,"strike":10.0,"expires":1645167600,"vega":0.0139,"gamma":0.0394,"day_of_week":4,"diff":-28.469241773962807,"theta":-0.0142,"volume":285,"option_type":"Call","delta":0.8292,"days_to_expiry":56,"ticker":"UVXY","vol/oi":4.014084507042254,"alert_date":1640290620,"rho":0.0088,"implied_volatility":1.1706,"ask":4.75,"underlying":13.98,"open_interest":71},"CPNG|Call|1640290800":{"time_of_day":48000,"strike":32.5,"expires":1642748400,