{"SPY|Put|1640099220":{"diff":-4.934656234975298,"option_type":"Put","ask":3.99,"implied_volatility":0.2402,"time_of_day":29220,"day_of_week":2,"volume":258,"open_interest":71,"theta":-0.1561,"days_to_expiry":28,"vol/oi":3.6338028169014085,"delta":-0.2174,"alert_date":1640099220,"strike":435.0,"rho":-0.0775,"ticker":"SPY","vega":0.3843,"gamma":0.0094,"expires":1642575600,"underlying":457.58},"BKKT|Call|1640099400":{"diff":22.470713525026618,"option_type":"Call","ask":0.25,"implied_volatility":2.8436000000000003,"time_of_day":29400,"day_of_week":2,"volume":8289,"open_interest":119,"theta":-0.0987,"days_to_expiry":1,"vol/oi":69.65546218487395,"delta":0.1719,"alert_date":1640099400,"strike":11.5,"rho":0.0001,"ticker":"BKKT","vega":0.0019,"gamma":0.137,"expires":1640242800,"underlying":9.39},"X|Call|1640099760":{"diff":7.913669064748209,"option_type":"Call","ask":2.99,"implied_volatility":0.5406,"time_of_day":29760,"day_of_week":2,"volume":1305,"open_interest":96,"theta":-0.0087,"days_to_expiry":205,"vol/oi":13.59375,"delta":0.5127,"alert_date":1640099760,"strike":24.0,"rho":0.0475,"ticker":"X","vega":0.0666,"gamma":0.0444,"expires":1657864800,"underlying":22.24},"XOP|Call|1640100300":{"diff":5.487480021310608,"option_type":"Call","ask":3.1,"implied_volatility":0.4562,"time_of_day":30300,"day_of_week":2,"volume":1000,"open_interest":184,"theta":-0.0763,"days_to_expiry":30,"vol/oi":5.434782608695652,"delta":0.3672,"alert_date":1640100300,"strike":99.0,"rho":0.0246,"ticker":"XOP","vega":0.1034,"gamma":0.0298,"expires":1642748400,"underlying":93.85},"GPS|Call|1640100360":{"diff":7.683352735739233,"option_type":"Call","ask":0.32,"implied_volatility":0.5351,"time_of_day":30360,"day_of_week":2,"volume":842,"open_interest":100,"theta":-0.0191,"days_to_expiry":16,"vol/oi":8.42,"delta":0.2678,"alert_date":1640100360,"strike":18.5,"rho":0.0018,"ticker":"GPS","vega":0.0121,"gamma":0.1723,"expires":1641538800,"underlying":17.18},"LQD|Put|1640100900":{"diff":-5.259966651508263,"option_type":"Put","ask":0.4,"implied_volatility":0.1414,"time_of_day":30900,"day_of_week":2,"volume":15000,"open_interest":671,"theta":-0.0122,"days_to_expiry":30,"vol/oi":22.35469448584203,"delta":-0.0816,"alert_date":1640100900,"strike":125.0,"rho":-0.0092,"ticker":"LQD","vega":0.0617,"gamma":0.0292,"expires":1642748400,"underlying":131.94},"PFE|Put|1640101440":{"diff":-7.617221544361163,"option_type":"Put","ask":0.92,"implied_volatility":0.38880000000000003,"time_of_day":31440,"day_of_week":2,"volume":329,"open_interest":7,"theta":-0.0315,"days_to_expiry":30,"vol/oi":47,"delta":-0.2256,"alert_date":1640101440,"strike":53.0,"rho":-0.011,"ticker":"PFE","vega":0.0506,"gamma":0.0457,"expires":1642748400,"underlying":57.37},"FXI|Call|1640102760":{"diff":13.072255929398793,"option_type":"Call","ask":0.14,"implied_volatility":0.2725,"time_of_day":32760,"day_of_week":2,"volume":3535,"open_interest":8,"theta":-0.0071,"days_to_expiry":37,"vol/oi":441.875,"delta":0.0954,"alert_date":1640102760,"strike":41.0,"rho":0.0034,"ticker":"FXI","vega":0.0203,"gamma":0.052,"expires":1643353200,"underlying":36.26},"SCHW|Call|1640103180":{"diff":5.620978511594021,"option_type":"Call","ask":0.68,"implied_volatility":0.29510000000000003,"time_of_day":33180,"day_of_week":2,"volume":600,"open_interest":2,"theta":-0.0455,"days_to_expiry":16,"vol/oi":300,"delta":0.217,"alert_date":1640103180,"strike":87.0,"rho":0.0081,"ticker":"SCHW","vega":0.053,"gamma":0.0548,"expires":1641538800,"underlying":82.37},"CMCSA|Call|1640104260":{"diff":-8.013082583810306,"option_type":"Call","ask":5.2,"implied_volatility":0.3126,"time_of_day":34260,"day_of_week":2,"volume":4388,"open_interest":128,"theta":-0.0144,"days_to_expiry":86,"vol/oi":34.28125,"delta":0.7242,"alert_date":1640104260,"strike":45.0,"rho":0.0712,"ticker":"CMCSA","vega":0.0798,"gamma":0.0449,"expires":1647583200,"underlying":48.92},"MU|Put|1640104800":{"diff":-5.281925562736789,"option_type":"Put","ask":0.27,"implied_volatility":0.6089,"time_of_day":34800,"day_of_week":2,"volume":10104,"open_interest":2959,"theta":-0.1801,"days_to_expiry":1,"vol/oi":3.4146671172693477,"delta":-0.1238,"alert_date":1640104800,"strike":85.0,"rho":-0.0007,"ticker":"MU","vega":0.0143,"gamma":0.0481,"expires":1640242800,"underlying":89.74},"PBR|Call|1640105220":{"diff":6.778087279480041,"option_type":"Call","ask":0.29,"implied_volatility":0.4403,"time_of_day":35220,"day_of_week":2,"volume":3126,"open_interest":3,"theta":-0.008,"days_to_expiry":30,"vol/oi":1042,"delta":0.326,"alert_date":1640105220,"strike":11.5,"rho":0.0026,"ticker":"PBR","vega":0.0114,"gamma":0.2593,"expires":1642748400,"underlying":10.77},"ZM|Put|1640105940":{"diff":-10.4676148572598,"option_type":"Put","ask":15.7,"implied_volatility":0.5997,"time_of_day":35940,"day_of_week":2,"volume":266,"open_interest":42,"theta":-0.1012,"days_to_expiry":113,"vol/oi":6.333333333333333,"delta":-0.3068,"alert_date":1640105940,"strike":175.0,"rho":-0.2136,"ticker":"ZM","vega":0.3846,"gamma":0.0053,"expires":1649916000,"underlying":195.46},"AFRM|Call|1640105940":{"diff":13.44579264082075,"option_type":"Call","ask":3.1,"implied_volatility":0.8506,"time_of_day":35940,"day_of_week":2,"volume":384,"open_interest":94,"theta":-0.1878,"days_to_expiry":16,"vol/oi":4.085106382978723,"delta":0.2843,"alert_date":1640105940,"strike":115.0,"rho":0.0122,"ticker":"AFRM","vega":0.0746,"gamma":0.0178,"expires":1641538800,"underlying":101.37},"BILI|Put|1640107020":{"diff":-4.877555150779189,"option_type":"Put","ask":0.59,"implied_volatility":0.9468000000000001,"time_of_day":37020,"day_of_week":2,"volume":482,"open_interest":19,"theta":-0.2729,"days_to_expiry":1,"vol/oi":25.36842105263158,"delta":-0.2382,"alert_date":1640107020,"strike":47.0,"rho":-0.0007,"ticker":"BILI","vega":0.0118,"gamma":0.0848,"expires":1640242800,"underlying":49.41},"SQM|Put|1640107020":{"diff":-5.031319458476469,"option_type":"Put","ask":2.35,"implied_volatility":0.5764,"time_of_day":37020,"day_of_week":2,"volume":443,"open_interest":29,"theta":-0.0511,"days_to_expiry":30,"vol/oi":15.275862068965518,"delta":-0.3531,"alert_date":1640107020,"strike":47.0,"rho":-0.0168,"ticker":"SQM","vega":0.0537,"gamma":0.0432,"expires":1642748400,"underlying":49.49},"PFE|Call|1640108100":{"diff":10.011939280231958,"option_type":"Call","ask":0.15,"implied_volatility":0.8615,"time_of_day":38100,"day_of_week":2,"volume":2884,"open_interest":648,"theta":-0.1044,"days_to_expiry":1,"vol/oi":4.450617283950617,"delta":0.0792,"alert_date":1640108100,"strike":64.5,"rho":0.0003,"ticker":"PFE","vega":0.0067,"gamma":0.0382,"expires":1640242800,"underlying":58.63},"DIS|Put|1640108340":{"diff":-8.123471478617217,"option_type":"Put","ask":0.52,"implied_volatility":0.3164,"time_of_day":38340,"day_of_week":2,"volume":1016,"open_interest":9,"theta":-0.0515,"days_to_expiry":16,"vol/oi":112.88888888888889,"delta":-0.0998,"alert_date":1640108340,"strike":139.0,"rho":-0.0069,"ticker":"DIS","vega":0.0585,"gamma":0.017,"expires":1641538800,"underlying":151.29},"FXI|Put|1640108520":{"diff":-20.395278616524838,"option_type":"Put","ask":0.67,"implied_volatility":0.32659999999999995,"time_of_day":38520,"day_of_week":2,"volume":2000,"open_interest":47,"theta":-0.0051,"days_to_expiry":177,"vol/oi":42.5531914893617,"delta":-0.1379,"alert_date":1640108520,"strike":29.0,"rho":-0.0267,"ticker":"FXI","vega":0.0563,"gamma":0.0263,"expires":1655445600,"underlying":36.43},"KMX|Call|1640109300":{"diff":25.925925925925924,"option_type":"Call","ask":0.4,"implied_volatility":1.7116999999999998,"time_of_day":39300,"day_of_week":2,"volume":1101,"open_interest":159,"theta":-0.2841,"days_to_expiry":1,"vol/oi":6.9245283018867925,"delta":0.0477,"alert_date":1640109300,"strike":170.0,"rho":0.0004,"ticker":"KMX","vega":0.0102,"gamma":0.0056,"expires":1640242800,"underlying":135.0},"JETS|Call|1640109540":{"diff":9.263657957244652,"option_type":"Call","ask":0.69,"implied_volatility":0.4043,"time_of_day":39540,"day_of_week":2,"volume":25534,