{"F|Call|1640877060":{"implied_volatility":0.45520000000000005,"ticker":"F","time_of_day":29460,"option_type":"Call","open_interest":51,"vol/oi":9.92156862745098,"delta":0.2749,"volume":506,"diff":10.153256704980848,"alert_date":1640877060,"strike":23.0,"ask":0.48,"vega":0.0219,"day_of_week":4,"underlying":20.88,"rho":0.005,"gamma":0.112,"theta":-0.0139,"days_to_expiry":35,"expires":1643958000},"APPS|Call|1640877900":{"implied_volatility":0.6883,"ticker":"APPS","time_of_day":30300,"option_type":"Call","open_interest":46,"vol/oi":8.847826086956522,"delta":0.2527,"volume":407,"diff":7.913669064748205,"alert_date":1640877900,"strike":69.0,"ask":1.0,"vega":0.0308,"day_of_week":4,"underlying":63.94,"rho":0.0032,"gamma":0.0473,"theta":-0.1317,"days_to_expiry":7,"expires":1641538800},"BA|Call|1640878500":{"implied_volatility":0.3638,"ticker":"BA","time_of_day":30900,"option_type":"Call","open_interest":45,"vol/oi":7.466666666666667,"delta":0.3576,"volume":336,"diff":17.027501462843762,"alert_date":1640878500,"strike":240.0,"ask":12.45,"vega":0.6105,"day_of_week":4,"underlying":205.08,"rho":0.3762,"gamma":0.0063,"theta":-0.0477,"days_to_expiry":231,"expires":1660888800},"BILI|Call|1640878980":{"implied_volatility":0.7946,"ticker":"BILI","time_of_day":31380,"option_type":"Call","open_interest":21,"vol/oi":16.80952380952381,"delta":0.3485,"volume":353,"diff":5.680317040951119,"alert_date":1640878980,"strike":48.0,"ask":1.25,"vega":0.0253,"day_of_week":4,"underlying":45.42,"rho":0.0033,"gamma":0.0665,"theta":-0.1272,"days_to_expiry":7,"expires":1641538800},"FUTU|Call|1640879040":{"implied_volatility":1.0831,"ticker":"FUTU","time_of_day":31440,"option_type":"Call","open_interest":145,"vol/oi":6.317241379310345,"delta":0.2501,"volume":916,"diff":12.60709914320685,"alert_date":1640879040,"strike":46.0,"ask":1.0,"vega":0.0195,"day_of_week":4,"underlying":40.85,"rho":0.002,"gamma":0.0483,"theta":-0.1273,"days_to_expiry":7,"expires":1641538800},"NIO|Put|1640880180":{"implied_volatility":0.9451,"ticker":"NIO","time_of_day":32580,"option_type":"Put","open_interest":3650,"vol/oi":3.5761643835616437,"delta":-0.1607,"volume":13053,"diff":-5.4450603195304925,"alert_date":1640880180,"strike":29.0,"ask":0.14,"vega":0.0044,"day_of_week":4,"underlying":30.67,"rho":-0.0002,"gamma":0.1384,"theta":-0.1481,"days_to_expiry":0,"expires":1640934000},"KWEB|Call|1640880360":{"implied_volatility":0.5106,"ticker":"KWEB","time_of_day":32760,"option_type":"Call","open_interest":64,"vol/oi":171.984375,"delta":0.1872,"volume":11007,"diff":10.367708045341443,"alert_date":1640880360,"strike":39.92,"ask":0.39,"vega":0.0199,"day_of_week":4,"underlying":36.17,"rho":0.0026,"gamma":0.0715,"theta":-0.0329,"days_to_expiry":14,"expires":1642143600},"AMD|Put|1640881260":{"implied_volatility":0.5109,"ticker":"AMD","time_of_day":33660,"option_type":"Put","open_interest":379,"vol/oi":3.796833773087071,"delta":-0.1052,"volume":1439,"diff":-13.974124500440288,"alert_date":1640881260,"strike":127.0,"ask":0.98,"vega":0.0668,"day_of_week":4,"underlying":147.63,"rho":-0.0096,"gamma":0.0098,"theta":-0.0752,"days_to_expiry":21,"expires":1642748400},"UVXY|Put|1640881260":{"implied_volatility":0.745,"ticker":"UVXY","time_of_day":33660,"option_type":"Put","open_interest":794,"vol/oi":3.4974811083123427,"delta":-0.2336,"volume":2777,"diff":-7.183212267958039,"alert_date":1640881260,"strike":11.5,"ask":0.21,"vega":0.0057,"day_of_week":4,"underlying":12.39,"rho":-0.0007,"gamma":0.2212,"theta":-0.0261,"days_to_expiry":7,"expires":1641538800},"PFE|Put|1640881440":{"implied_volatility":0.3016,"ticker":"PFE","time_of_day":33840,"option_type":"Put","open_interest":1528,"vol/oi":21.640706806282722,"delta":-0.1584,"volume":33067,"diff":-6.864436012418073,"alert_date":1640881440,"strike":54.0,"ask":0.4,"vega":0.0349,"day_of_week":4,"underlying":57.98,"rho":-0.0055,"gamma":0.056,"theta":-0.0233,"days_to_expiry":21,"expires":1642748400},"UVXY|Call|1640882220":{"implied_volatility":1.1297,"ticker":"UVXY","time_of_day":34620,"option_type":"Call","open_interest":333,"vol/oi":3.048048048048048,"delta":0.762,"volume":1015,"diff":-19.15925626515763,"alert_date":1640882220,"strike":10.0,"ask":3.3,"vega":0.0141,"day_of_week":4,"underlying":12.37,"rho":0.0073,"gamma":0.0603,"theta":-0.0157,"days_to_expiry":49,"expires":1645167600},"VXX|Call|1640882220":{"implied_volatility":1.2446,"ticker":"VXX","time_of_day":34620,"option_type":"Call","open_interest":966,"vol/oi":5.204968944099379,"delta":0.1474,"volume":5028,"diff":35.28138528138528,"alert_date":1640882220,"strike":25.0,"ask":0.32,"vega":0.0087,"day_of_week":4,"underlying":18.48,"rho":0.001,"gamma":0.0485,"theta":-0.0352,"days_to_expiry":14,"expires":1642143600},"ABBV|Call|1640882400":{"implied_volatility":0.2378,"ticker":"ABBV","time_of_day":34800,"option_type":"Call","open_interest":1087,"vol/oi":11.78196872125115,"delta":0.1344,"volume":12807,"diff":9.713282621416033,"alert_date":1640882400,"strike":150.0,"ask":0.79,"vega":0.1107,"day_of_week":4,"underlying":136.72,"rho":0.0238,"gamma":0.0181,"theta":-0.0254,"days_to_expiry":49,"expires":1645167600},"FB|Call|1640882640":{"implied_volatility":0.3283,"ticker":"FB","time_of_day":35040,"option_type":"Call","open_interest":44,"vol/oi":54.04545454545455,"delta":0.1597,"volume":2378,"diff":11.730222299611127,"alert_date":1640882640,"strike":385.0,"ask":2.92,"vega":0.2664,"day_of_week":4,"underlying":344.58,"rho":0.0514,"gamma":0.0067,"theta":-0.1199,"days_to_expiry":35,"expires":1643958000},"IWM|Call|1640883300":{"implied_volatility":0.2206,"ticker":"IWM","time_of_day":35700,"option_type":"Call","open_interest":793,"vol/oi":6.305170239596469,"delta":0.5085,"volume":5000,"diff":0.6233303650935021,"alert_date":1640883300,"strike":226.0,"ask":11.6,"vega":0.5549,"day_of_week":4,"underlying":224.6,"rho":0.3703,"gamma":0.013,"theta":-0.0436,"days_to_expiry":140,"expires":1653026400},"IQ|Call|1640883480":{"implied_volatility":1.7738999999999998,"ticker":"IQ","time_of_day":35880,"option_type":"Call","open_interest":1411,"vol/oi":7.358610914245216,"delta":0.2616,"volume":10383,"diff":7.75862068965518,"alert_date":1640883480,"strike":5.0,"ask":0.07,"vega":0.0009,"day_of_week":4,"underlying":4.64,"rho":0.0,"gamma":0.6443,"theta":-0.071,"days_to_expiry":0,"expires":1640934000},"TSP|Put|1640883840":{"implied_volatility":0.9361,"ticker":"TSP","time_of_day":36240,"option_type":"Put","open_interest":2,"vol/oi":185.5,"delta":-0.3582,"volume":371,"diff":-6.323185011709597,"alert_date":1640883840,"strike":32.0,"ask":5.0,"vega":0.0589,"day_of_week":4,"underlying":34.16,"rho":-0.0359,"gamma":0.0261,"theta":-0.0339,"days_to_expiry":77,"expires":1647583200},"LI|Call|1640884320":{"implied_volatility":0.5922999999999999,"ticker":"LI","time_of_day":36720,"option_type":"Call","open_interest":85,"vol/oi":5.517647058823529,"delta":0.2293,"volume":469,"diff":7.39102969046115,"alert_date":1640884320,"strike":34.0,"ask":0.37,"vega":0.0144,"day_of_week":4,"underlying":31.66,"rho":0.0015,"gamma":0.1054,"theta":-0.0534,"days_to_expiry":7,"expires":1641538800},"SCHW|Put|1640884380":{"implied_volatility":0.2782,"ticker":"SCHW","time_of_day":36780,"option_type":"Put","open_interest":22,"vol/oi":18.181818181818183,"delta":-0.6934,"volume":400,"diff":11.869995289684407,"alert_date":1640884380,"strike":95.0,"ask":13.2,"vega":0.2025,"day_of_week":4,"underlying":84.92,"rho":-0.2885,"gamma":0.0218,"theta":-0.0164,"days_to_expiry":168,"expires":1655445600},"COP|Put|1640885460":{"implied_volatility":0.32539999999999997,"ticker":"COP","time_of_day":37860,"option_type":"Put","open_interest":58,"vol/oi":8.724137931034482,"delta":-0.1536,"volume":506,"diff":-4.98485265767007,"alert_date":1640885460,"strike":69.0,"ask":0.31,"vega":0.0259,"day_of_week":4,"underlying":72.62,"rho":-0.0024,"gamma":0.0668,"theta":-0.0507,"days_to_expiry":7,"expires":1641538800},"RTX|Call|1640885460":{"implied_volatility":0.2752,"ticker":"RTX","time_of_day":37860,"option_type":"Call","open_interest":7,