{"NIO|Put|1635875280":{"vega":0.0025,"option_type":"Put","time_of_day":42480,"theta":-0.0347,"implied_volatility":0.8779,"delta":-0.9716,"underlying":40.99,"vol/oi":19.0625,"ask":7.1,"alert_date":1635875280,"gamma":0.0195,"diff":17.10173212978775,"strike":48.0,"expires":1636092000,"volume":305,"rho":-0.4012,"days_to_expiry":2,"open_interest":16,"ticker":"NIO","day_of_week":2},"LCID|Call|1635875280":{"vega":0.0472,"option_type":"Call","time_of_day":42480,"theta":-0.0524,"implied_volatility":1.0189,"delta":0.4958,"underlying":33.75,"vol/oi":3.1897727272727274,"ask":3.95,"alert_date":1635875280,"gamma":0.0329,"diff":6.666666666666667,"strike":36.0,"expires":1639724400,"volume":2807,"rho":1.5913,"days_to_expiry":44,"open_interest":880,"ticker":"LCID","day_of_week":2},"BBBY|Call|1635874740":{"vega":0.0045,"option_type":"Call","time_of_day":41940,"theta":-0.0859,"implied_volatility":1.1841,"delta":0.2326,"underlying":16.04,"vol/oi":9.761194029850746,"ask":0.23,"alert_date":1635874740,"gamma":0.1734,"diff":9.102244389027438,"strike":17.5,"expires":1636092000,"volume":1962,"rho":0.0301,"days_to_expiry":2,"open_interest":201,"ticker":"BBBY","day_of_week":2},"MVIS|Call|1635874740":{"vega":0.0028,"option_type":"Call","time_of_day":41940,"theta":-0.0503,"implied_volatility":1.1131,"delta":0.3219,"underlying":8.52,"vol/oi":3.093530787217459,"ask":0.2,"alert_date":1635874740,"gamma":0.407,"diff":5.633802816901413,"strike":9.0,"expires":1636092000,"volume":7938,"rho":0.0221,"days_to_expiry":2,"open_interest":2566,"ticker":"MVIS","day_of_week":2},"EEM|Put|1635874620":{"vega":0.0257,"option_type":"Put","time_of_day":41820,"theta":-0.0121,"implied_volatility":0.2275,"delta":-0.1171,"underlying":50.87,"vol/oi":71.42857142857143,"ask":0.18,"alert_date":1635874620,"gamma":0.066,"diff":-6.624729703164922,"strike":47.5,"expires":1637910000,"volume":1000,"rho":-0.406,"days_to_expiry":23,"open_interest":14,"ticker":"EEM","day_of_week":2},"RIG|Put|1635874440":{"vega":0.0021,"option_type":"Put","time_of_day":41640,"theta":-0.0022,"implied_volatility":0.9359999999999999,"delta":-0.0923,"underlying":3.67,"vol/oi":133.33333333333334,"ask":0.07,"alert_date":1635874440,"gamma":0.1371,"diff":-31.880108991825608,"strike":2.5,"expires":1639724400,"volume":3200,"rho":-0.0493,"days_to_expiry":44,"open_interest":24,"ticker":"RIG","day_of_week":2},"MRVL|Put|1635874260":{"vega":0.0395,"option_type":"Put","time_of_day":41460,"theta":-0.0189,"implied_volatility":0.4313,"delta":-0.0891,"underlying":69.67,"vol/oi":11.030303030303031,"ask":0.49,"alert_date":1635874260,"gamma":0.0152,"diff":-17.468063729008186,"strike":57.5,"expires":1639724400,"volume":364,"rho":-0.8262,"days_to_expiry":44,"open_interest":33,"ticker":"MRVL","day_of_week":2},"XOP|Put|1635874260":{"vega":0.1906,"option_type":"Put","time_of_day":41460,"theta":-0.0523,"implied_volatility":0.4235,"delta":-0.3649,"underlying":108.32,"vol/oi":4.447826086956522,"ask":6.15,"alert_date":1635874260,"gamma":0.0174,"diff":-4.911373707533229,"strike":103.0,"expires":1642748400,"volume":1023,"rho":-10.0263,"days_to_expiry":79,"open_interest":230,"ticker":"XOP","day_of_week":2},"HUT|Call|1635873720":{"vega":0.0143,"option_type":"Call","time_of_day":40920,"theta":-0.0426,"implied_volatility":1.4372999999999998,"delta":0.6735,"underlying":15.41,"vol/oi":4.516233766233766,"ask":3.05,"alert_date":1635873720,"gamma":0.0631,"diff":-9.14990266061,"strike":14.0,"expires":1637910000,"volume":4173,"rho":0.4934,"days_to_expiry":23,"open_interest":924,"ticker":"HUT","day_of_week":2},"FDX|Put|1635873660":{"vega":0.2186,"option_type":"Put","time_of_day":40860,"theta":-0.0769,"implied_volatility":0.26239999999999997,"delta":-0.2093,"underlying":235.08,"vol/oi":33.473684210526315,"ask":2.64,"alert_date":1635873660,"gamma":0.0144,"diff":-6.414837502126936,"strike":220.0,"expires":1639119600,"volume":636,"rho":-5.4066,"days_to_expiry":37,"open_interest":19,"ticker":"FDX","day_of_week":2},"Z|Put|1635873600":{"vega":0.0048,"option_type":"Put","time_of_day":40800,"theta":-0.1576,"implied_volatility":2.064,"delta":-0.0261,"underlying":85.47,"vol/oi":91.875,"ask":0.18,"alert_date":1635873600,"gamma":0.0037,"diff":-29.799929799929803,"strike":60.0,"expires":1636092000,"volume":1470,"rho":-0.0207,"days_to_expiry":2,"open_interest":16,"ticker":"Z","day_of_week":2},"FXI|Put|1635873420":{"vega":0.0971,"option_type":"Put","time_of_day":40620,"theta":-0.0066,"implied_volatility":0.2526,"delta":-0.2695,"underlying":39.98,"vol/oi":3.821656050955414,"ask":1.4,"alert_date":1635873420,"gamma":0.0441,"diff":-9.954977488744365,"strike":36.0,"expires":1653026400,"volume":6000,"rho":-6.6218,"days_to_expiry":198,"open_interest":1570,"ticker":"FXI","day_of_week":2},"UAA|Put|1635873240":{"vega":0.0116,"option_type":"Put","time_of_day":40440,"theta":-0.0064,"implied_volatility":0.4991,"delta":-0.066,"underlying":25.61,"vol/oi":5.213973799126638,"ask":0.16,"alert_date":1635873240,"gamma":0.0285,"diff":-21.90550566185083,"strike":20.0,"expires":1639724400,"volume":1194,"rho":-0.2272,"days_to_expiry":44,"open_interest":229,"ticker":"UAA","day_of_week":2},"WE|Put|1635873240":{"vega":0.0218,"option_type":"Put","time_of_day":40440,"theta":-0.0029,"implied_volatility":1.0368000000000002,"delta":-0.1312,"underlying":9.67,"vol/oi":4.892344497607655,"ask":1.75,"alert_date":1635873240,"gamma":0.0185,"diff":-48.293691830403304,"strike":5.0,"expires":1674198000,"volume":2045,"rho":-3.2788,"days_to_expiry":443,"open_interest":418,"ticker":"WE","day_of_week":2},"FXI|Call|1635872640":{"vega":0.0564,"option_type":"Call","time_of_day":39840,"theta":-0.0026,"implied_volatility":0.2234,"delta":0.1033,"underlying":39.93,"vol/oi":5.843071786310517,"ask":0.36,"alert_date":1635872640,"gamma":0.0255,"diff":25.219133483596295,"strike":50.0,"expires":1655445600,"volume":3500,"rho":2.3653,"days_to_expiry":226,"open_interest":599,"ticker":"FXI","day_of_week":2},"ON|Call|1635872520":{"vega":0.0764,"option_type":"Call","time_of_day":39720,"theta":-0.0326,"implied_volatility":0.3856,"delta":0.3799,"underlying":57.03,"vol/oi":12.36241610738255,"ask":1.95,"alert_date":1635872520,"gamma":0.0492,"diff":5.2077853761178305,"strike":60.0,"expires":1639724400,"volume":1842,"rho":2.4475,"days_to_expiry":44,"open_interest":149,"ticker":"ON","day_of_week":2},"OCGN|Call|1635872340":{"vega":0.0052,"option_type":"Call","time_of_day":39540,"theta":-0.4304,"implied_volatility":5.1914,"delta":0.4928,"underlying":14.14,"vol/oi":3.0448572723153604,"ask":2.03,"alert_date":1635872340,"gamma":0.0585,"diff":13.15417256011315,"strike":16.0,"expires":1636092000,"volume":6720,"rho":0.0427,"days_to_expiry":2,"open_interest":2207,"ticker":"OCGN","day_of_week":2},"TSM|Put|1635872220":{"vega":0.0348,"option_type":"Put","time_of_day":39420,"theta":-0.0155,"implied_volatility":0.39909999999999995,"delta":-0.0403,"underlying":113.97,"vol/oi":3.3464684014869888,"ask":0.29,"alert_date":1635872220,"gamma":0.0054,"diff":-21.03185048697025,"strike":90.0,"expires":1639724400,"volume":4501,"rho":-0.6034,"days_to_expiry":44,"open_interest":1345,"ticker":"TSM","day_of_week":2},"FUTU|Call|1635872160":{"vega":0.1067,"option_type":"Call","time_of_day":39360,"theta":-0.0427,"implied_volatility":0.8662000000000001,"delta":0.3269,"underlying":54.27,"vol/oi":3.6411290322580645,"ask":4.5,"alert_date":1635872160,"gamma":0.0141,"diff":38.197899391929234,"strike":75.0,"expires":1645167600,"volume":903,"rho":3.9741,"days_to_expiry":107,"open_interest":248,"ticker":"FUTU","day_of_week":2},"GDXJ|Call|1635871620":{"vega":0.0902,"option_type":"Call","time_of_day":38820,"theta":-0.0138,"implied_volatility":0.35109999999999997,"delta":0.4146,"underlying":42.68,"vol/oi":7.034168564920273,"ask":2.26,"alert_date":1635871620,"gamma":0.0476,"diff":5.435801312089972,"strike":45.0,"expires":1645167600,"volume":3088,"rho":4.591,"days_to_expiry":107,"open_interest":439,"ticker":"GDXJ","day_of_week":2}}
